{
  "version": "36.3.0",
  "files": {
    "ed280e6fbd32bfba0a45761482c784108bc814da693817f48c74ff620568b370": {
      "source": {
        "path": "/Users/admin/Downloads/lectures/ds/demos/sqs/sqsDemos",
        "packaging": "zip"
      },
      "destinations": {
        "current_account-eu-west-1": {
          "bucketName": "cdk-hnb659fds-assets-${AWS::AccountId}-eu-west-1",
          "objectKey": "ed280e6fbd32bfba0a45761482c784108bc814da693817f48c74ff620568b370.zip",
          "region": "eu-west-1",
          "assumeRoleArn": "arn:${AWS::Partition}:iam::${AWS::AccountId}:role/cdk-hnb659fds-file-publishing-role-${AWS::AccountId}-eu-west-1"
        }
      }
    },
    "79efc921c104f94f4e5a3f4d01d2e90e7f1ca7aef23b2d872010301e4a427e18": {
      "source": {
        "path": "/Users/admin/Downloads/lectures/ds/demos/sqs/sqsDemos",
        "packaging": "zip"
      },
      "destinations": {
        "current_account-eu-west-1": {
          "bucketName": "cdk-hnb659fds-assets-${AWS::AccountId}-eu-west-1",
          "objectKey": "79efc921c104f94f4e5a3f4d01d2e90e7f1ca7aef23b2d872010301e4a427e18.zip",
          "region": "eu-west-1",
          "assumeRoleArn": "arn:${AWS::Partition}:iam::${AWS::AccountId}:role/cdk-hnb659fds-file-publishing-role-${AWS::AccountId}-eu-west-1"
        }
      }
    },
    "f34f2560c6177559ebeeb0bc8c95a8398ebc280fd19a95877d93bd64f55efe5c": {
      "source": {
        "path": "/Users/admin/Downloads/lectures/ds/demos/sqs/sqsDemos",
        "packaging": "zip"
      },
      "destinations": {
        "current_account-eu-west-1": {
          "bucketName": "cdk-hnb659fds-assets-${AWS::AccountId}-eu-west-1",
          "objectKey": "f34f2560c6177559ebeeb0bc8c95a8398ebc280fd19a95877d93bd64f55efe5c.zip",
          "region": "eu-west-1",
          "assumeRoleArn": "arn:${AWS::Partition}:iam::${AWS::AccountId}:role/cdk-hnb659fds-file-publishing-role-${AWS::AccountId}-eu-west-1"
        }
      }
    },
    "8e44d93d533a8a933e0ef36fde67dd5b0e3c6ce8745df9b942384978c98bd650": {
      "source": {
        "path": "SQSDemo2-Stk.template.json",
        "packaging": "file"
      },
      "destinations": {
        "current_account-eu-west-1": {
          "bucketName": "cdk-hnb659fds-assets-${AWS::AccountId}-eu-west-1",
          "objectKey": "8e44d93d533a8a933e0ef36fde67dd5b0e3c6ce8745df9b942384978c98bd650.json",
          "region": "eu-west-1",
          "assumeRoleArn": "arn:${AWS::Partition}:iam::${AWS::AccountId}:role/cdk-hnb659fds-file-publishing-role-${AWS::AccountId}-eu-west-1"
        }
      }
    }
  },
  "dockerImages": {}
}