{
    "$schema": "http://json-schema.org/draft-07/schema#",
    "definitions": {
        "BadOrder": {
            "additionalProperties": false,
            "properties": {
                "customerAddress": {
                    "type": "string"
                },
                "customerName": {
                    "type": "string"
                },
                "items": {
                    "items": {
                        "type": "string"
                    },
                    "type": "array"
                }
            },
            "type": "object"
        },
        "Order": {
            "additionalProperties": false,
            "properties": {
                "customerAddress": {
                    "type": "string"
                },
                "customerName": {
                    "type": "string"
                },
                "items": {
                    "items": {
                        "type": "string"
                    },
                    "type": "array"
                }
            },
            "required": [
                "customerAddress",
                "customerName",
                "items"
            ],
            "type": "object"
        },
        "OrderMix": {
            "anyOf": [
                {
                    "additionalProperties": false,
                    "properties": {
                        "customerAddress": {
                            "type": "string"
                        },
                        "customerName": {
                            "type": "string"
                        },
                        "items": {
                            "items": {
                                "type": "string"
                            },
                            "type": "array"
                        }
                    },
                    "required": [
                        "customerAddress",
                        "customerName",
                        "items"
                    ],
                    "type": "object"
                },
                {
                    "additionalProperties": false,
                    "properties": {
                        "customerAddress": {
                            "type": "string"
                        },
                        "customerName": {
                            "type": "string"
                        },
                        "items": {
                            "items": {
                                "type": "string"
                            },
                            "type": "array"
                        }
                    },
                    "type": "object"
                }
            ]
        }
    }
}

