{
  "version": "32.0.0",
  "files": {
    "2fac91a3620a883a37cc07c71c77a1d0cefab7e7b90d05e60b53acfcf3fab2ee": {
      "source": {
        "path": "asset.2fac91a3620a883a37cc07c71c77a1d0cefab7e7b90d05e60b53acfcf3fab2ee",
        "packaging": "zip"
      },
      "destinations": {
        "current_account-eu-west-1": {
          "bucketName": "cdk-hnb659fds-assets-${AWS::AccountId}-eu-west-1",
          "objectKey": "2fac91a3620a883a37cc07c71c77a1d0cefab7e7b90d05e60b53acfcf3fab2ee.zip",
          "region": "eu-west-1",
          "assumeRoleArn": "arn:${AWS::Partition}:iam::${AWS::AccountId}:role/cdk-hnb659fds-file-publishing-role-${AWS::AccountId}-eu-west-1"
        }
      }
    },
    "98af657ff87b79632b6562c5e22d9d8b2279ee98472ee8fcc8c96d9b4f0419da": {
      "source": {
        "path": "asset.98af657ff87b79632b6562c5e22d9d8b2279ee98472ee8fcc8c96d9b4f0419da",
        "packaging": "zip"
      },
      "destinations": {
        "current_account-eu-west-1": {
          "bucketName": "cdk-hnb659fds-assets-${AWS::AccountId}-eu-west-1",
          "objectKey": "98af657ff87b79632b6562c5e22d9d8b2279ee98472ee8fcc8c96d9b4f0419da.zip",
          "region": "eu-west-1",
          "assumeRoleArn": "arn:${AWS::Partition}:iam::${AWS::AccountId}:role/cdk-hnb659fds-file-publishing-role-${AWS::AccountId}-eu-west-1"
        }
      }
    },
    "099a3112386fa620b3069790dcf92c8e64bb5341760a8b0a76bfa843f8ad41df": {
      "source": {
        "path": "asset.099a3112386fa620b3069790dcf92c8e64bb5341760a8b0a76bfa843f8ad41df",
        "packaging": "zip"
      },
      "destinations": {
        "current_account-eu-west-1": {
          "bucketName": "cdk-hnb659fds-assets-${AWS::AccountId}-eu-west-1",
          "objectKey": "099a3112386fa620b3069790dcf92c8e64bb5341760a8b0a76bfa843f8ad41df.zip",
          "region": "eu-west-1",
          "assumeRoleArn": "arn:${AWS::Partition}:iam::${AWS::AccountId}:role/cdk-hnb659fds-file-publishing-role-${AWS::AccountId}-eu-west-1"
        }
      }
    },
    "7efc554b87af5e6ba95210e47b9adce7aa640906780a737d85aeb06a6960cc4e": {
      "source": {
        "path": "RestAPIStack.template.json",
        "packaging": "file"
      },
      "destinations": {
        "current_account-eu-west-1": {
          "bucketName": "cdk-hnb659fds-assets-${AWS::AccountId}-eu-west-1",
          "objectKey": "7efc554b87af5e6ba95210e47b9adce7aa640906780a737d85aeb06a6960cc4e.json",
          "region": "eu-west-1",
          "assumeRoleArn": "arn:${AWS::Partition}:iam::${AWS::AccountId}:role/cdk-hnb659fds-file-publishing-role-${AWS::AccountId}-eu-west-1"
        }
      }
    }
  },
  "dockerImages": {}
}