{
  "version": "36.3.0",
  "files": {
    "9b5784cb83f7c28519dd4b0e785dfa7b071a44bafc42c2ed6315e62ddada91fc": {
      "source": {
        "path": "/Users/admin/Downloads/rest-api-app",
        "packaging": "zip"
      },
      "destinations": {
        "current_account-eu-west-1": {
          "bucketName": "cdk-hnb659fds-assets-${AWS::AccountId}-eu-west-1",
          "objectKey": "9b5784cb83f7c28519dd4b0e785dfa7b071a44bafc42c2ed6315e62ddada91fc.zip",
          "region": "eu-west-1",
          "assumeRoleArn": "arn:${AWS::Partition}:iam::${AWS::AccountId}:role/cdk-hnb659fds-file-publishing-role-${AWS::AccountId}-eu-west-1"
        }
      }
    },
    "aa0ba6a7046b91e2d203143927a307858eaa2d745ef6572ca5f5db9f0f8aa74a": {
      "source": {
        "path": "/Users/admin/Downloads/rest-api-app",
        "packaging": "zip"
      },
      "destinations": {
        "current_account-eu-west-1": {
          "bucketName": "cdk-hnb659fds-assets-${AWS::AccountId}-eu-west-1",
          "objectKey": "aa0ba6a7046b91e2d203143927a307858eaa2d745ef6572ca5f5db9f0f8aa74a.zip",
          "region": "eu-west-1",
          "assumeRoleArn": "arn:${AWS::Partition}:iam::${AWS::AccountId}:role/cdk-hnb659fds-file-publishing-role-${AWS::AccountId}-eu-west-1"
        }
      }
    },
    "ce2f3595a340d6c519a65888ef97e3b9b64f053f83608e32cc28162e22d7d99a": {
      "source": {
        "path": "asset.ce2f3595a340d6c519a65888ef97e3b9b64f053f83608e32cc28162e22d7d99a",
        "packaging": "zip"
      },
      "destinations": {
        "current_account-eu-west-1": {
          "bucketName": "cdk-hnb659fds-assets-${AWS::AccountId}-eu-west-1",
          "objectKey": "ce2f3595a340d6c519a65888ef97e3b9b64f053f83608e32cc28162e22d7d99a.zip",
          "region": "eu-west-1",
          "assumeRoleArn": "arn:${AWS::Partition}:iam::${AWS::AccountId}:role/cdk-hnb659fds-file-publishing-role-${AWS::AccountId}-eu-west-1"
        }
      }
    },
    "35b1d52987ee61dedaed1f92b19129ed9e707c69cb683ef4ae67341d1999b45c": {
      "source": {
        "path": "RestAPIStack.template.json",
        "packaging": "file"
      },
      "destinations": {
        "current_account-eu-west-1": {
          "bucketName": "cdk-hnb659fds-assets-${AWS::AccountId}-eu-west-1",
          "objectKey": "35b1d52987ee61dedaed1f92b19129ed9e707c69cb683ef4ae67341d1999b45c.json",
          "region": "eu-west-1",
          "assumeRoleArn": "arn:${AWS::Partition}:iam::${AWS::AccountId}:role/cdk-hnb659fds-file-publishing-role-${AWS::AccountId}-eu-west-1"
        }
      }
    }
  },
  "dockerImages": {}
}