{
  "version": "32.0.0",
  "files": {
    "914c77d04ff576d024529b794cc43bf08ca8b11b4c5c26a60a341a90ecfc27e6": {
      "source": {
        "path": "/Users/diarmuidoconnor/repos/ewd/tutors-repo/topic03/hide-book-2/img/rest-api-app",
        "packaging": "zip"
      },
      "destinations": {
        "current_account-eu-west-1": {
          "bucketName": "cdk-hnb659fds-assets-${AWS::AccountId}-eu-west-1",
          "objectKey": "914c77d04ff576d024529b794cc43bf08ca8b11b4c5c26a60a341a90ecfc27e6.zip",
          "region": "eu-west-1",
          "assumeRoleArn": "arn:${AWS::Partition}:iam::${AWS::AccountId}:role/cdk-hnb659fds-file-publishing-role-${AWS::AccountId}-eu-west-1"
        }
      }
    },
    "ded84a669f68b511eb1eb39ba186d4e361bcef3e7e1e03f43bd6a01aeae72dbe": {
      "source": {
        "path": "/Users/diarmuidoconnor/repos/ewd/tutors-repo/topic03/hide-book-2/img/rest-api-app",
        "packaging": "zip"
      },
      "destinations": {
        "current_account-eu-west-1": {
          "bucketName": "cdk-hnb659fds-assets-${AWS::AccountId}-eu-west-1",
          "objectKey": "ded84a669f68b511eb1eb39ba186d4e361bcef3e7e1e03f43bd6a01aeae72dbe.zip",
          "region": "eu-west-1",
          "assumeRoleArn": "arn:${AWS::Partition}:iam::${AWS::AccountId}:role/cdk-hnb659fds-file-publishing-role-${AWS::AccountId}-eu-west-1"
        }
      }
    },
    "099a3112386fa620b3069790dcf92c8e64bb5341760a8b0a76bfa843f8ad41df": {
      "source": {
        "path": "asset.099a3112386fa620b3069790dcf92c8e64bb5341760a8b0a76bfa843f8ad41df",
        "packaging": "zip"
      },
      "destinations": {
        "current_account-eu-west-1": {
          "bucketName": "cdk-hnb659fds-assets-${AWS::AccountId}-eu-west-1",
          "objectKey": "099a3112386fa620b3069790dcf92c8e64bb5341760a8b0a76bfa843f8ad41df.zip",
          "region": "eu-west-1",
          "assumeRoleArn": "arn:${AWS::Partition}:iam::${AWS::AccountId}:role/cdk-hnb659fds-file-publishing-role-${AWS::AccountId}-eu-west-1"
        }
      }
    },
    "1097a08dc80d19358dc68f798a047e2a06948bb0fe6c03b6e14f214fdab643b8": {
      "source": {
        "path": "RestAPIStack.template.json",
        "packaging": "file"
      },
      "destinations": {
        "current_account-eu-west-1": {
          "bucketName": "cdk-hnb659fds-assets-${AWS::AccountId}-eu-west-1",
          "objectKey": "1097a08dc80d19358dc68f798a047e2a06948bb0fe6c03b6e14f214fdab643b8.json",
          "region": "eu-west-1",
          "assumeRoleArn": "arn:${AWS::Partition}:iam::${AWS::AccountId}:role/cdk-hnb659fds-file-publishing-role-${AWS::AccountId}-eu-west-1"
        }
      }
    }
  },
  "dockerImages": {}
}